{"cameraMode":{"drawMode":0,"name":"Shaded","section":"Shading Mode"},"sceneLighting":true,"audioPlay":false,"sceneViewState":{"showFog":true,"showMaterialUpdate":false,"showSkybox":true,"showFlares":true,"showImageEffects":true,"showParticleSystems":true},"in2DMode":false,"pivot":{"x":-0.09746319055557251,"y":1.5574549436569214,"z":-0.03743225336074829},"rotation":{"x":0.10506416857242584,"y":-0.8776409029960632,"z":0.22485588490962983,"w":0.4100787043571472},"size":2.414862632751465,"orthographic":false}